_id,name,used_in,type,subtype,rarity,category,weight,price_value,price_denomination,shelfLife,description,img,tables,source_file,crafting_use,crafting_multiplier,crafted_value
332b78d369a85216,Acorns,foraging,consumable,food,common,food,0.5,1,cp,4,A handful of dried acorns from a forest floor; bitter raw but edible when leached.,icons/consumables/nuts/hazelnut-acorn-shell-brown.webp,Light Forest - Tier 1 Foraging Table,Acorns_332b78d369a85216.json,,,
dc4f8ae1e2845308,Alchemical Lichen,foraging,loot,,uncommon,component,0.5,4,gp,,A slow-growing crust lichen with rare chemical properties; used in transmutation work.,icons/consumables/plants/herb-tied-bundle-green.webp,Arctic / Tundra - Rare Foraging Table; Coastal - Rare Foraging Table; Swamp / Marsh - Rare Foraging Table; Swamp / Marsh - Tier 3 Foraging Table; Underground / Cave - Rare Foraging Table; Underground / Cave - Tier 1 Foraging Table; Underground / Cave - Tier 2 Foraging Table; Underground / Cave - Tier 3 Foraging Table,Alchemical_Lichen_dc4f8ae1e2845308.json,Transmutation reagent — items with transformative or shape-altering properties,3,12 gp
469c7b60adf6b8d6,Alchemist Discards,foraging,loot,,uncommon,component,0.5,1,gp,,Partially-processed alchemical materials left behind in urban waste; still viable as reagents.,icons/consumables/potions/potion-flask-corked-green.webp,Urban / Ruins - Rare Foraging Table; Urban / Ruins - Tier 1 Foraging Table; Urban / Ruins - Tier 2 Foraging Table; Urban / Ruins - Tier 3 Foraging Table,Alchemist_Discards_469c7b60adf6b8d6.json,General alchemical reagent — salvageable for a variety of preparations,3,3 gp
e1cd84030603cce3,Alchemist's Weed,foraging,loot,,uncommon,component,0.5,1,gp,,A pungent herb used as a base reagent in minor alchemical preparations.,icons/consumables/plants/herb-tied-bundle-yellow-green.webp,Coastal - Rare Foraging Table; Dense Forest / Jungle - Rare Foraging Table; Dense Forest / Jungle - Tier 3 Foraging Table; Desert / Wasteland - Rare Foraging Table; Light Forest - Rare Foraging Table; Light Forest - Tier 3 Foraging Table; Mountain - Rare Foraging Table; Plains / Grassland - Rare Foraging Table; Swamp / Marsh - Rare Foraging Table; Swamp / Marsh - Tier 3 Foraging Table; Underground / Cave - Rare Foraging Table; Urban / Ruins - Rare Foraging Table; Urban / Ruins - Tier 3 Foraging Table,Alchemists_Weed_e1cd84030603cce3.json,Alchemical base — foundational ingredient in minor preparations,3,3 gp
ee7c25ca5ed5c182,Bitter Greens,foraging,consumable,food,common,food,0.5,1,cp,3,Leafy greens pulled from the ground's edge; nutritious despite the sharp flavor.,icons/consumables/plants/leaf-herb-green.webp,Coastal - Tier 1 Foraging Table; Dense Forest / Jungle - Tier 1 Foraging Table; Plains / Grassland - Tier 1 Foraging Table; Swamp / Marsh - Tier 1 Foraging Table; Urban / Ruins - Tier 1 Foraging Table,Bitter_Greens_ee7c25ca5ed5c182.json,,,
c26dda909c46386f,Blind Fish,foraging,consumable,food,common,food,1,4,sp,1,A translucent fish pulled from an underground pool; soft flesh and mild taste.,icons/consumables/meat/fish-whole-blue.webp,Underground / Cave - Tier 1 Foraging Table; Underground / Cave - Tier 2 Foraging Table; Underground / Cave - Tier 3 Foraging Table,Blind_Fish_c26dda909c46386f.json,,,
d9a62ccd42f9aa76,Bone Shard,foraging,loot,,common,material,0.5,1,sp,,A pointed shard of animal bone found near old remains; useful for crude tools or fetishes.,icons/commodities/bones/bone-broken-grey.webp,Arctic / Tundra - Tier 1 Foraging Table; Desert / Wasteland - Tier 1 Foraging Table; Mountain - Tier 1 Foraging Table; Underground / Cave - Tier 1 Foraging Table; Urban / Ruins - Tier 1 Foraging Table,Bone_Shard_d9a62ccd42f9aa76.json,,,
ebfb5252e7534007,Cactus Fruit,foraging,consumable,food,common,food,0.5,2,sp,3,A spiny fruit cut from a desert cactus; juicy inside with a mildly sweet taste.,icons/consumables/fruit/pickly-pear-cactus-red-yellow.webp,Desert / Wasteland - Tier 1 Foraging Table; Desert / Wasteland - Tier 2 Foraging Table; Desert / Wasteland - Tier 3 Foraging Table,Cactus_Fruit_ebfb5252e7534007.json,,,
1235b1ec7bf80080,Cactus Water,foraging,consumable,drink,common,food,1,5,sp,0,Water painstakingly extracted from a cactus core; enough to sustain one person.,icons/consumables/drinks/water-jug-clay-brown.webp,Desert / Wasteland - Rare Foraging Table; Desert / Wasteland - Tier 1 Foraging Table; Desert / Wasteland - Tier 2 Foraging Table; Desert / Wasteland - Tier 3 Foraging Table,Cactus_Water_1235b1ec7bf80080.json,,,
c9328bfda958d567,Cave Mushroom,foraging,consumable,food,common,food,0.5,3,sp,3,A pale fungus growing in the dark; edible and surprisingly rich in flavor.,icons/consumables/mushrooms/convex-bolete-brown.webp,Underground / Cave - Tier 1 Foraging Table; Underground / Cave - Tier 2 Foraging Table; Underground / Cave - Tier 3 Foraging Table,Cave_Mushroom_c9328bfda958d567.json,,,
7783b0b110611144,Coastal Fish,foraging,consumable,food,common,food,2,5,sp,1,A larger fish speared or trapped near the coast; firm white flesh.,icons/consumables/meat/fillet-fish-pink-teal.webp,Coastal - Rare Foraging Table; Coastal - Tier 2 Foraging Table; Coastal - Tier 3 Foraging Table,Coastal_Fish_7783b0b110611144.json,,,
ab337d5fd83d2e60,Coconut,foraging,consumable,food,common,food,2,2,sp,4,A green coconut knocked from a palm; the water inside is clean and refreshing.,icons/consumables/fruit/coconut-cut-bowl-brown.webp,Dense Forest / Jungle - Tier 1 Foraging Table,Coconut_ab337d5fd83d2e60.json,,,
c68cb514a10e7978,Common Herb,foraging,loot,,common,component,0.5,5,sp,,A broadly useful medicinal herb found in most temperate regions; treats minor ailments.,icons/consumables/plants/herb-bunch-dried-leaf-green.webp,Arctic / Tundra - Tier 2 Foraging Table; Coastal - Tier 2 Foraging Table; Dense Forest / Jungle - Tier 1 Foraging Table; Desert / Wasteland - Tier 2 Foraging Table; Light Forest - Tier 1 Foraging Table; Light Forest - Tier 2 Foraging Table; Mountain - Tier 2 Foraging Table; Plains / Grassland - Tier 2 Foraging Table; Urban / Ruins - Tier 2 Foraging Table,Common_Herb_c68cb514a10e7978.json,Medicinal ingredient — poultices and healing salves,2,1 gp
7c517b455668fd29,Crystal Fragment,foraging,loot,,uncommon,component,0.5,4,gp,,A piece of natural crystal broken from a cave formation; mildly resonant with magical energy.,icons/commodities/gems/gem-fragments-blue.webp,Underground / Cave - Rare Foraging Table; Underground / Cave - Tier 2 Foraging Table; Underground / Cave - Tier 3 Foraging Table; Urban / Ruins - Rare Foraging Table,Crystal_Fragment_7c517b455668fd29.json,Arcane focus component — items that channel or store magical energy,3,12 gp
03695e81d49528e8,Desert Sage,foraging,loot,,uncommon,component,0.5,1,gp,,Aromatic sage from arid regions; used in purification rituals and antiseptic poultices.,icons/consumables/plants/dried-herb-bundle-brown.webp,Desert / Wasteland - Rare Foraging Table; Desert / Wasteland - Tier 1 Foraging Table; Desert / Wasteland - Tier 2 Foraging Table; Desert / Wasteland - Tier 3 Foraging Table,Desert_Sage_03695e81d49528e8.json,Purification agent — cleansing rituals and antiseptic preparations,3,3 gp
f6c0080b22748d69,Driftwood,foraging,loot,,common,material,3,2,sp,,Smooth weathered wood washed ashore; good for fire or rough carving.,icons/commodities/wood/log-rough-brown.webp,Coastal - Tier 1 Foraging Table; Coastal - Tier 2 Foraging Table; Coastal - Tier 3 Foraging Table,Driftwood_f6c0080b22748d69.json,,,
902cc50eecd2b5aa,Eagle Feather,foraging,loot,,common,material,0.5,4,sp,,A large primary feather from a mountain eagle; prized for fletching and ritual use.,icons/commodities/materials/feather-colored-red.webp,Mountain - Rare Foraging Table; Mountain - Tier 1 Foraging Table; Mountain - Tier 2 Foraging Table; Mountain - Tier 3 Foraging Table,Eagle_Feather_902cc50eecd2b5aa.json,,,
e0a31e2f27e438a7,Edible Tuber,foraging,consumable,food,common,food,1,1,sp,4,A starchy underground tuber that provides solid sustenance when roasted.,icons/consumables/vegetable/root-potato-brown.webp,Light Forest - Tier 1 Foraging Table; Plains / Grassland - Tier 1 Foraging Table; Swamp / Marsh - Tier 1 Foraging Table,Edible_Tuber_e0a31e2f27e438a7.json,,,
76f9adacf4822f80,Firewood Bundle,foraging,loot,,common,material,5,1,sp,,A bundle of dry branches and split wood; enough to sustain a campfire through the night.,icons/commodities/wood/kindling-sticks-brown.webp,Arctic / Tundra - Tier 1 Foraging Table; Arctic / Tundra - Tier 2 Foraging Table; Arctic / Tundra - Tier 3 Foraging Table; Light Forest - Tier 2 Foraging Table; Urban / Ruins - Tier 2 Foraging Table; Urban / Ruins - Tier 3 Foraging Table,Firewood_Bundle_76f9adacf4822f80.json,,,
7dd13533f1c24fda,Foraged Ration,foraging,consumable,food,common,food,1,3,sp,4,A day's worth of foraged plants and fungi bundled together for travel.,icons/consumables/grains/breadsticks-crackers-wrapped-ration-brown.webp,Arctic / Tundra - Tier 3 Foraging Table; Coastal - Tier 3 Foraging Table; Dense Forest / Jungle - Tier 2 Foraging Table; Dense Forest / Jungle - Tier 3 Foraging Table; Light Forest - Tier 1 Foraging Table; Light Forest - Tier 2 Foraging Table; Light Forest - Tier 3 Foraging Table; Mountain - Tier 3 Foraging Table; Plains / Grassland - Tier 2 Foraging Table; Plains / Grassland - Tier 3 Foraging Table; Swamp / Marsh - Tier 2 Foraging Table; Swamp / Marsh - Tier 3 Foraging Table; Underground / Cave - Tier 2 Foraging Table,Foraged_Ration_7dd13533f1c24fda.json,,,
0eba28d9119f6a0d,Fresh Water,foraging,consumable,drink,common,food,1,1,cp,0,A flask of clean water gathered from a stream or natural spring.,icons/consumables/drinks/pitcher-dripping-white.webp,Arctic / Tundra - Tier 1 Foraging Table; Coastal - Tier 1 Foraging Table; Dense Forest / Jungle - Tier 1 Foraging Table; Light Forest - Tier 1 Foraging Table; Mountain - Tier 1 Foraging Table; Plains / Grassland - Tier 1 Foraging Table; Swamp / Marsh - Tier 1 Foraging Table; Underground / Cave - Tier 1 Foraging Table,Fresh_Water_0eba28d9119f6a0d.json,,,
1f41b832835fbdce,Frozen Berries,foraging,consumable,food,common,food,0.5,2,sp,2,Small berries preserved in ice; slightly tart and dense with nutrients.,icons/consumables/fruit/berry-shiny-leaf-blue-teal.webp,Arctic / Tundra - Tier 1 Foraging Table; Arctic / Tundra - Tier 2 Foraging Table; Arctic / Tundra - Tier 3 Foraging Table,Frozen_Berries_1f41b832835fbdce.json,,,
190c9f3fd4ff4b59,Grass Fiber,foraging,loot,,common,material,0.5,1,sp,,Dried long grass braided into cords; fine for light lashing and weaving.,icons/consumables/plants/grass-bundle-green.webp,Plains / Grassland - Rare Foraging Table; Plains / Grassland - Tier 1 Foraging Table; Plains / Grassland - Tier 2 Foraging Table,Grass_Fiber_190c9f3fd4ff4b59.json,,,
5f24e3679317fcfa,Hardwood Branch,foraging,loot,,common,material,3,3,sp,,A dense branch from a mature hardwood tree; useful for tool hafts and structural supports.,icons/commodities/wood/lumber-plank-brown.webp,Light Forest - Tier 3 Foraging Table,Hardwood_Branch_5f24e3679317fcfa.json,,,
90841539dd4494c8,Healing Moss,foraging,loot,,common,component,0.5,5,sp,,Soft absorbent moss with mild antiseptic properties; applied as a wound dressing.,icons/consumables/plants/succulent-bundle-green.webp,Coastal - Tier 3 Foraging Table; Dense Forest / Jungle - Tier 3 Foraging Table; Swamp / Marsh - Tier 1 Foraging Table; Swamp / Marsh - Tier 2 Foraging Table,Healing_Moss_90841539dd4494c8.json,Wound treatment — antiseptic dressings and bandages,2,1 gp
5747cc961efd707c,Ice Moss,foraging,loot,,uncommon,component,0.5,1,gp,,Pale bluish moss that grows near permafrost; prized by cold-climate healers.,icons/consumables/plants/fern-leaf-bundle-green.webp,Arctic / Tundra - Rare Foraging Table; Arctic / Tundra - Tier 1 Foraging Table; Arctic / Tundra - Tier 2 Foraging Table; Arctic / Tundra - Tier 3 Foraging Table,Ice_Moss_5747cc961efd707c.json,Cold-climate remedy — frostbite treatments and warming tonics,3,3 gp
4ec4239ab0babb1b,Jungle Orchid,foraging,loot,,uncommon,component,0.5,5,gp,,An exotic orchid found in tropical undergrowth; highly prized by alchemists and mages.,icons/commodities/flowers/lily-pink.webp,Dense Forest / Jungle - Rare Foraging Table,Jungle_Orchid_4ec4239ab0babb1b.json,Exotic reagent — rare potions and enchantments,3,15 gp
0b0361c2d6932527,Leech,foraging,loot,,common,component,0.5,5,sp,,A live blood-sucking leech used medicinally to reduce swelling and purge toxins.,icons/consumables/plants/sprout-leaf-herb-green.webp,Swamp / Marsh - Rare Foraging Table; Swamp / Marsh - Tier 1 Foraging Table; Swamp / Marsh - Tier 2 Foraging Table,Leech_0b0361c2d6932527.json,Medicinal tool — bloodletting treatments and toxin extraction,2,1 gp
fd8afd047369d807,Medicinal Root,foraging,loot,,common,component,0.5,8,sp,,A dried root with anti-inflammatory properties; sought by herbalists and healers.,icons/consumables/vegetable/root-ginger-brown.webp,Arctic / Tundra - Tier 3 Foraging Table; Desert / Wasteland - Tier 3 Foraging Table; Light Forest - Rare Foraging Table; Light Forest - Tier 3 Foraging Table; Mountain - Tier 3 Foraging Table; Plains / Grassland - Rare Foraging Table; Plains / Grassland - Tier 3 Foraging Table; Swamp / Marsh - Tier 2 Foraging Table; Swamp / Marsh - Tier 3 Foraging Table,Medicinal_Root_fd8afd047369d807.json,Herbal remedy — anti-inflammatory poultices and healing brews,2,1 gp 6 sp
7ae8577f0ba380a6,Menga Leaves,foraging,loot,,uncommon,component,0.5,5,gp,,Large waxy leaves with soporific compounds; the raw material for sleep-inducing draughts.,icons/consumables/plants/leaf-elm-glowing-green.webp,Dense Forest / Jungle - Rare Foraging Table; Dense Forest / Jungle - Tier 2 Foraging Table; Dense Forest / Jungle - Tier 3 Foraging Table,Menga_Leaves_7ae8577f0ba380a6.json,Soporific compound — sleep-inducing draughts and sedatives,3,15 gp
341a87c52604ad81,Mineral Deposit,foraging,loot,,common,material,3,5,sp,,A small chunk of ore-bearing rock chipped from a mountain face; contains trace metal content.,icons/commodities/stone/ore-chunk-grey.webp,Arctic / Tundra - Rare Foraging Table; Desert / Wasteland - Rare Foraging Table; Desert / Wasteland - Tier 3 Foraging Table; Mountain - Rare Foraging Table; Mountain - Tier 2 Foraging Table; Mountain - Tier 3 Foraging Table; Underground / Cave - Rare Foraging Table; Underground / Cave - Tier 3 Foraging Table,Mineral_Deposit_341a87c52604ad81.json,,,
2f259c20aaf0bde0,Mountain Flower,foraging,loot,,uncommon,component,0.5,4,gp,,A hardy alpine bloom found above the treeline; used in cold-weather tonics.,icons/commodities/flowers/cornflower-blue.webp,Arctic / Tundra - Rare Foraging Table; Mountain - Rare Foraging Table; Mountain - Tier 1 Foraging Table; Mountain - Tier 2 Foraging Table; Mountain - Tier 3 Foraging Table,Mountain_Flower_2f259c20aaf0bde0.json,Alpine tonic ingredient — cold-weather remedies and restorative brews,3,12 gp
df59e0fc7cf3d995,Mountain Goat Meat,foraging,consumable,food,common,food,2,5,sp,2,Tough but flavorful meat from a mountain goat; requires slow cooking.,icons/consumables/meat/shank-bone-red.webp,Mountain - Rare Foraging Table; Mountain - Tier 3 Foraging Table,Mountain_Goat_Meat_df59e0fc7cf3d995.json,,,
0c32a310f02318f1,Old Coins,foraging,loot,,common,material,0.5,3,sp,,A scatter of corroded coins found in rubble; worth melting down or cleaning for value.,icons/commodities/currency/coins-assorted-mix-copper-silver-gold.webp,Urban / Ruins - Rare Foraging Table; Urban / Ruins - Tier 1 Foraging Table; Urban / Ruins - Tier 2 Foraging Table; Urban / Ruins - Tier 3 Foraging Table,Old_Coins_0c32a310f02318f1.json,,,
bf3c79d42a668da8,Phosphorescent Moss,foraging,loot,,uncommon,component,0.5,3,gp,,Softly glowing moss harvested from cave walls; used in light-based alchemical reagents.,icons/consumables/plants/kelp-fern-glowing-green.webp,Underground / Cave - Rare Foraging Table; Underground / Cave - Tier 1 Foraging Table; Underground / Cave - Tier 2 Foraging Table; Underground / Cave - Tier 3 Foraging Table,Phosphorescent_Moss_bf3c79d42a668da8.json,Luminescent reagent — light-producing items and alchemical glow compounds,3,9 gp
288acc97f99a4fdd,Pine Nuts,foraging,consumable,food,common,food,0.5,2,sp,4,Hard seeds shaken from pine cones; dense and caloric for cold travel.,icons/consumables/nuts/pine-cone-brown.webp,Arctic / Tundra - Tier 1 Foraging Table; Arctic / Tundra - Tier 2 Foraging Table; Mountain - Tier 1 Foraging Table; Mountain - Tier 2 Foraging Table,Pine_Nuts_288acc97f99a4fdd.json,,,
2dd9aeb5852f1618,Rare Flower,foraging,loot,,uncommon,component,0.5,3,gp,,An unusual bloom found in untamed wilderness; gathered for perfume and alchemical use.,icons/commodities/flowers/lotus-violet.webp,Arctic / Tundra - Rare Foraging Table; Coastal - Rare Foraging Table; Dense Forest / Jungle - Rare Foraging Table; Desert / Wasteland - Rare Foraging Table; Light Forest - Rare Foraging Table; Mountain - Rare Foraging Table; Plains / Grassland - Rare Foraging Table; Swamp / Marsh - Rare Foraging Table; Underground / Cave - Rare Foraging Table; Urban / Ruins - Rare Foraging Table,Rare_Flower_2dd9aeb5852f1618.json,Perfume and alchemical base — fragrant essences and exotic preparations,3,9 gp
af8cfbb0609e2daa,Rope Fiber,foraging,loot,,common,material,1,4,sp,,Strong plant fibers stripped from stalks or vines; can be twisted into serviceable rope.,icons/commodities/cloth/thread-spindle-grey.webp,Dense Forest / Jungle - Tier 3 Foraging Table; Plains / Grassland - Tier 3 Foraging Table,Rope_Fiber_af8cfbb0609e2daa.json,,,
625ea977f56e7877,Salt Crystal,foraging,loot,,common,component,1,3,sp,,A chunk of raw salt from a coastal evaporation pool or mineral seep; useful for preserving food.,icons/commodities/stone/rock-chunk-pumice-white.webp,Coastal - Rare Foraging Table; Coastal - Tier 1 Foraging Table; Coastal - Tier 2 Foraging Table; Coastal - Tier 3 Foraging Table,Salt_Crystal_625ea977f56e7877.json,Preservative — food curing and purification rituals,2,6 sp
e949da453ed4d27e,Salvaged Foodstuffs,foraging,consumable,food,common,food,1,2,sp,3,Partially-preserved food scavenged from ruins or abandoned structures.,icons/consumables/food/bowl-stew-brown.webp,Urban / Ruins - Tier 1 Foraging Table; Urban / Ruins - Tier 2 Foraging Table; Urban / Ruins - Tier 3 Foraging Table,Salvaged_Foodstuffs_e949da453ed4d27e.json,,,
4b18fbfdf0f8f525,Sandstone Chunk,foraging,loot,,common,material,2,2,sp,,A block of fine-grained sandstone; occasionally contains trace minerals useful in alchemy.,icons/commodities/stone/stone-chunk-tan.webp,Desert / Wasteland - Tier 1 Foraging Table; Desert / Wasteland - Tier 2 Foraging Table,Sandstone_Chunk_4b18fbfdf0f8f525.json,,,
60c10a0565093e81,Scorpion Venom,foraging,consumable,poison,rare,component,0.5,8,gp,,Carefully extracted venom from a desert scorpion; potent and sought by poisoners.,icons/consumables/potions/flask-ornate-skull-green.webp,Desert / Wasteland - Rare Foraging Table,Scorpion_Venom_60c10a0565093e81.json,Poison crafting — potent coatings and venomous preparations,5,40 gp
8a94f35b3ff5e165,Seaweed,foraging,consumable,food,common,food,0.5,1,sp,3,Briny strands of dried seaweed; nutritious and useful as a trail supplement.,icons/consumables/plants/kelp-fern-glowing-green.webp,Coastal - Tier 1 Foraging Table; Coastal - Tier 2 Foraging Table,Seaweed_8a94f35b3ff5e165.json,,,
65275564e455791b,Seeds and Grains,foraging,consumable,food,common,food,0.5,1,sp,4,A pouch of gathered wild seeds; not a meal alone but useful mixed into food.,icons/consumables/grains/wheat-gold.webp,Desert / Wasteland - Tier 1 Foraging Table; Plains / Grassland - Tier 1 Foraging Table; Plains / Grassland - Tier 2 Foraging Table; Plains / Grassland - Tier 3 Foraging Table,Seeds_and_Grains_65275564e455791b.json,,,
582decb647301ac5,Shellfish,foraging,consumable,food,common,food,1,4,sp,1,A handful of clams or mussels pried from rocks at the shoreline; salty and filling.,icons/consumables/meat/claw-crab-lobster-red.webp,Coastal - Rare Foraging Table; Coastal - Tier 1 Foraging Table; Coastal - Tier 2 Foraging Table; Coastal - Tier 3 Foraging Table,Shellfish_582decb647301ac5.json,,,
2fecf39d91e896ac,Small Game,foraging,consumable,food,common,food,1,4,sp,2,A small animal â€” rabbit or squirrel â€” field-dressed and ready to cook.,icons/consumables/meat/drumstick-bone-pink.webp,Desert / Wasteland - Tier 2 Foraging Table; Desert / Wasteland - Tier 3 Foraging Table; Light Forest - Rare Foraging Table; Light Forest - Tier 2 Foraging Table; Light Forest - Tier 3 Foraging Table; Mountain - Tier 2 Foraging Table; Plains / Grassland - Rare Foraging Table; Plains / Grassland - Tier 2 Foraging Table; Plains / Grassland - Tier 3 Foraging Table,Small_Game_2fecf39d91e896ac.json,,,
ba0d36d084c53e74,Snow Hare,foraging,consumable,food,common,food,1,5,sp,2,A white-furred arctic hare hunted on the tundra; lean but warming meat.,icons/consumables/meat/hock-leg-pink-brown.webp,Arctic / Tundra - Rare Foraging Table; Arctic / Tundra - Tier 2 Foraging Table; Arctic / Tundra - Tier 3 Foraging Table,Snow_Hare_ba0d36d084c53e74.json,,,
7c9fcb7070cc6f1c,Swamp Gas Flask,foraging,loot,,uncommon,component,0.5,2,gp,,A sealed flask of captured swamp gas; unstable and flammable if exposed to flame.,icons/consumables/potions/bottle-conical-fumes-green.webp,Swamp / Marsh - Rare Foraging Table,Swamp_Gas_Flask_7c9fcb7070cc6f1c.json,Volatile compound — explosive devices and fire-based preparations,3,6 gp
05ca1a027bb9ebcc,Swamp Moss,foraging,loot,,common,component,0.5,8,sp,,Thick spongy moss from boggy soil; absorbs toxins and is used in antidote crafting.,icons/consumables/plants/sprout-glowing-roots-green.webp,Swamp / Marsh - Tier 1 Foraging Table; Swamp / Marsh - Tier 2 Foraging Table; Swamp / Marsh - Tier 3 Foraging Table,Swamp_Moss_05ca1a027bb9ebcc.json,Antidote ingredient — detoxifying poultices and poison remedies,2,1 gp 6 sp
c59bb1509bc5aa38,Tree Resin,foraging,loot,,common,material,1,4,sp,,Thick amber-colored sap collected from conifers; useful as a sealant and fire starter.,icons/commodities/materials/liquid-orange.webp,Light Forest - Rare Foraging Table,Tree_Resin_c59bb1509bc5aa38.json,,,
2bee8d09feb5845c,Tropical Fruit,foraging,consumable,food,common,food,0.5,3,sp,3,A brightly colored jungle fruit with sweet pulp and high sugar content.,icons/consumables/fruit/mango-ripe-orange.webp,Dense Forest / Jungle - Rare Foraging Table; Dense Forest / Jungle - Tier 1 Foraging Table; Dense Forest / Jungle - Tier 2 Foraging Table; Dense Forest / Jungle - Tier 3 Foraging Table,Tropical_Fruit_2bee8d09feb5845c.json,,,
c219f6b6a37021e8,Useful Scraps,foraging,loot,,common,material,2,2,sp,,Assorted salvaged metal and wood bits gathered from ruins; handy for repairs and improvisation.,icons/commodities/cloth/cloth-scraps-plain.webp,Urban / Ruins - Rare Foraging Table; Urban / Ruins - Tier 1 Foraging Table; Urban / Ruins - Tier 2 Foraging Table; Urban / Ruins - Tier 3 Foraging Table,Useful_Scraps_c219f6b6a37021e8.json,,,
3438605e4fbc7a3a,Vine Cord,foraging,loot,,common,material,1,3,sp,,"A length of tough jungle vine; flexible, water-resistant, and surprisingly strong.",icons/consumables/plants/thorned-stem-vine-green.webp,Dense Forest / Jungle - Rare Foraging Table; Dense Forest / Jungle - Tier 1 Foraging Table; Dense Forest / Jungle - Tier 2 Foraging Table,Vine_Cord_3438605e4fbc7a3a.json,,,
8725bc0852c1e6c0,Wild Berries,foraging,consumable,food,common,food,0.5,1,sp,2,A handful of tart wild berries plucked from a roadside bush; tart but nourishing.,icons/consumables/fruit/berry-bunch-red-green.webp,Light Forest - Tier 1 Foraging Table; Light Forest - Tier 2 Foraging Table; Mountain - Tier 1 Foraging Table,Wild_Berries_8725bc0852c1e6c0.json,,,
d8a8b3b854ed121c,Wild Mushroom,foraging,consumable,food,common,food,0.5,2,sp,3,A single firm mushroom with savory flavor; safe to eat and lightly filling.,icons/consumables/mushrooms/mushroom-spotted-red.webp,Dense Forest / Jungle - Tier 2 Foraging Table; Light Forest - Rare Foraging Table; Light Forest - Tier 3 Foraging Table; Swamp / Marsh - Rare Foraging Table; Swamp / Marsh - Tier 2 Foraging Table; Swamp / Marsh - Tier 3 Foraging Table,Wild_Mushroom_d8a8b3b854ed121c.json,,,
a9deb103abc3c59a,Wild Roots,foraging,consumable,food,common,food,1,1,sp,4,Thick starchy roots dug from soft earth; chewy and earthy in flavor.,icons/consumables/vegetable/root-ginger-yellow.webp,Plains / Grassland - Rare Foraging Table; Plains / Grassland - Tier 1 Foraging Table; Plains / Grassland - Tier 2 Foraging Table; Plains / Grassland - Tier 3 Foraging Table,Wild_Roots_a9deb103abc3c59a.json,,,
4cd12fc82baa7f76,Willow Bark,foraging,loot,,common,component,0.5,8,sp,,Strips of bark known to reduce fever and dull pain when brewed into tea.,icons/commodities/wood/bark-beige.webp,Dense Forest / Jungle - Tier 2 Foraging Table; Light Forest - Tier 2 Foraging Table,Willow_Bark_4cd12fc82baa7f76.json,Analgesic ingredient — pain-relieving teas and fever remedies,2,1 gp 6 sp
a3f1c72e8b4d09a6,Fresh River Water,foraging,consumable,drink,common,food,1,1,cp,0,Cool water scooped from a clear-running river; tastes faintly of stone and earth.,icons/consumables/drinks/pitcher-dripping-white.webp,Light Forest - Tier 1 Foraging Table; Mountain - Tier 1 Foraging Table; Plains / Grassland - Tier 1 Foraging Table,Fresh_River_Water_a3f1c72e8b4d09a6.json,,,
b7e2d815f0c63a49,Captured Rainwater,foraging,consumable,drink,common,food,1,1,cp,0,Rainwater funneled into a flask using broad leaves; pure and slightly sweet.,icons/consumables/drinks/glass-water-blue.webp,Coastal - Tier 1 Foraging Table; Dense Forest / Jungle - Tier 1 Foraging Table; Plains / Grassland - Tier 1 Foraging Table; Swamp / Marsh - Tier 1 Foraging Table,Captured_Rainwater_b7e2d815f0c63a49.json,,,
c9d4a6f3e1b27085,Snowmelt,foraging,consumable,drink,common,food,1,1,cp,0,Melted snow gathered in a pot over a small fire; clean but flat and tasteless.,icons/consumables/drinks/flask-blue.webp,Arctic / Tundra - Tier 1 Foraging Table; Arctic / Tundra - Tier 2 Foraging Table; Mountain - Tier 1 Foraging Table; Mountain - Tier 2 Foraging Table,Snowmelt_c9d4a6f3e1b27085.json,,,
d5e8b1a4c7f930d2,Spring Water,foraging,consumable,drink,common,food,1,2,cp,0,Water bubbling up from a natural spring; crisp and mineral-rich.,icons/consumables/drinks/water-jug-clay-brown.webp,Light Forest - Tier 2 Foraging Table; Mountain - Tier 2 Foraging Table; Underground / Cave - Tier 1 Foraging Table; Underground / Cave - Tier 2 Foraging Table,Spring_Water_d5e8b1a4c7f930d2.json,,,
e6f9c2b5d8a041e3,Cave Drip Water,foraging,consumable,drink,common,food,1,1,cp,0,Water slowly filtered through limestone and collected drop by drop; cool with a faint mineral taste.,icons/consumables/drinks/cup-clay-brown.webp,Underground / Cave - Tier 1 Foraging Table; Underground / Cave - Tier 2 Foraging Table; Underground / Cave - Tier 3 Foraging Table,Cave_Drip_Water_e6f9c2b5d8a041e3.json,,,
f7a0d3c6e9b152f4,Brackish Water,foraging,consumable,drink,common,food,1,1,cp,0,Murky water with a faint salty tang; drinkable but unpleasant and best boiled first.,icons/consumables/drinks/glass-water-blue.webp,Coastal - Tier 1 Foraging Table; Swamp / Marsh - Tier 1 Foraging Table; Swamp / Marsh - Tier 2 Foraging Table,Brackish_Water_f7a0d3c6e9b152f4.json,,,
01b4e7a8d3c5f962,Boiled Water,foraging,consumable,drink,common,food,1,1,cp,0,Water purified over a campfire; safe to drink but bland and lukewarm.,icons/consumables/drinks/pitcher-dripping-white.webp,Arctic / Tundra - Tier 1 Foraging Table; Coastal - Tier 1 Foraging Table; Dense Forest / Jungle - Tier 1 Foraging Table; Desert / Wasteland - Tier 1 Foraging Table; Light Forest - Tier 1 Foraging Table; Mountain - Tier 1 Foraging Table; Plains / Grassland - Tier 1 Foraging Table; Swamp / Marsh - Tier 1 Foraging Table; Underground / Cave - Tier 1 Foraging Table; Urban / Ruins - Tier 1 Foraging Table,Boiled_Water_01b4e7a8d3c5f962.json,,,
12c5f8b9e4d6a073,Herbal Tea,foraging,consumable,drink,common,food,0.5,2,cp,0,A simple brew of steeped foraged herbs; warming and faintly aromatic.,icons/consumables/drinks/cup-clay-brown.webp,Arctic / Tundra - Tier 2 Foraging Table; Coastal - Tier 2 Foraging Table; Dense Forest / Jungle - Tier 2 Foraging Table; Desert / Wasteland - Tier 2 Foraging Table; Light Forest - Tier 2 Foraging Table; Mountain - Tier 2 Foraging Table; Plains / Grassland - Tier 2 Foraging Table; Swamp / Marsh - Tier 2 Foraging Table; Underground / Cave - Tier 2 Foraging Table; Urban / Ruins - Tier 2 Foraging Table,Herbal_Tea_12c5f8b9e4d6a073.json,,,
23d6a9c0f5e7b184,Watered-Down Broth,foraging,consumable,drink,common,food,1,1,cp,0,Thin broth stretched from scraps and wild greens; barely a meal but it warms the belly.,icons/consumables/drinks/flask-blue.webp,Arctic / Tundra - Tier 1 Foraging Table; Coastal - Tier 1 Foraging Table; Dense Forest / Jungle - Tier 1 Foraging Table; Desert / Wasteland - Tier 1 Foraging Table; Light Forest - Tier 1 Foraging Table; Mountain - Tier 1 Foraging Table; Plains / Grassland - Tier 1 Foraging Table; Swamp / Marsh - Tier 1 Foraging Table; Underground / Cave - Tier 1 Foraging Table; Urban / Ruins - Tier 1 Foraging Table,Watered-Down_Broth_23d6a9c0f5e7b184.json,,,
34e7b0d1a6f8c295,Foraged Berry Juice,foraging,consumable,drink,common,food,0.5,2,cp,1,Crushed wild berries strained into a flask; tart and refreshing but spoils quickly.,icons/consumables/drinks/glass-water-blue.webp,Arctic / Tundra - Tier 2 Foraging Table; Coastal - Tier 2 Foraging Table; Dense Forest / Jungle - Tier 2 Foraging Table; Desert / Wasteland - Tier 2 Foraging Table; Light Forest - Tier 2 Foraging Table; Mountain - Tier 2 Foraging Table; Plains / Grassland - Tier 2 Foraging Table; Swamp / Marsh - Tier 2 Foraging Table; Underground / Cave - Tier 2 Foraging Table; Urban / Ruins - Tier 2 Foraging Table,Foraged_Berry_Juice_34e7b0d1a6f8c295.json,,,
45f8c1e2b7a9d3a6,Stale Canteen Water,foraging,consumable,drink,common,food,1,1,cp,0,Old water from a half-forgotten canteen; warm and flat but still drinkable.,icons/consumables/drinks/water-jug-clay-brown.webp,Arctic / Tundra - Tier 1 Foraging Table; Coastal - Tier 1 Foraging Table; Dense Forest / Jungle - Tier 1 Foraging Table; Desert / Wasteland - Tier 1 Foraging Table; Light Forest - Tier 1 Foraging Table; Mountain - Tier 1 Foraging Table; Plains / Grassland - Tier 1 Foraging Table; Swamp / Marsh - Tier 1 Foraging Table; Underground / Cave - Tier 1 Foraging Table; Urban / Ruins - Tier 1 Foraging Table,Stale_Canteen_Water_45f8c1e2b7a9d3a6.json,,,
56a9d2e3f8b04c17,Ptarmigan,foraging,consumable,food,common,food,1,3,sp,2,A plump tundra bird with white plumage; lean meat that roasts well over an open flame.,icons/consumables/meat/drumstick-bone-pink.webp,Arctic / Tundra - Tier 1 Foraging Table; Arctic / Tundra - Tier 2 Foraging Table,Ptarmigan_56a9d2e3f8b04c17.json,,,
67b0e3f4a9c15d28,Arctic Char,foraging,consumable,food,common,food,2,4,sp,1,A cold-water fish pulled from an icy stream; firm pink flesh with a mild flavor.,icons/consumables/meat/fish-whole-blue.webp,Arctic / Tundra - Tier 2 Foraging Table; Arctic / Tundra - Tier 3 Foraging Table,Arctic_Char_67b0e3f4a9c15d28.json,,,
78c1f4a5b0d26e39,Seal Meat,foraging,consumable,food,common,food,3,5,sp,2,A thick cut of seal blubber and muscle; rich and oily with enough calories to stave off the cold.,icons/consumables/meat/shank-bone-red.webp,Arctic / Tundra - Tier 3 Foraging Table,Seal_Meat_78c1f4a5b0d26e39.json,,,
89d2a5b6c1e37f4a,Crab,foraging,consumable,food,common,food,1,3,sp,1,A shore crab cracked open for its sweet white meat; small but satisfying.,icons/consumables/meat/claw-crab-lobster-red.webp,Coastal - Tier 1 Foraging Table; Coastal - Tier 2 Foraging Table,Crab_89d2a5b6c1e37f4a.json,,,
9ae3b6c7d2f4805b,Seagull,foraging,consumable,food,common,food,1,2,sp,1,A coastal bird brought down with a well-aimed stone; gamey but edible in a pinch.,icons/consumables/meat/drumstick-bone-pink.webp,Coastal - Tier 1 Foraging Table,Seagull_9ae3b6c7d2f4805b.json,,,
ab04c7d8e3f5916c,Tide Pool Minnow,foraging,consumable,food,common,food,0.5,1,sp,1,Tiny silver fish scooped from a shallow tide pool; barely a mouthful each.,icons/consumables/meat/fish-whole-blue.webp,Coastal - Tier 1 Foraging Table; Coastal - Tier 2 Foraging Table,Tide_Pool_Minnow_ab04c7d8e3f5916c.json,,,
bc15d8e9f4a6027d,Jungle Bird,foraging,consumable,food,common,food,1,3,sp,1,A brightly colored bird snared in the canopy; small-boned but flavorful.,icons/consumables/meat/drumstick-bone-pink.webp,Dense Forest / Jungle - Tier 2 Foraging Table; Dense Forest / Jungle - Tier 3 Foraging Table,Jungle_Bird_bc15d8e9f4a6027d.json,,,
cd26e9f0a5b7138e,Tree Frog,foraging,consumable,food,common,food,0.5,1,sp,1,A palm-sized frog plucked from a broad leaf; chewy and faintly bitter when skewered and roasted.,icons/consumables/meat/drumstick-bone-pink.webp,Dense Forest / Jungle - Tier 1 Foraging Table,Tree_Frog_cd26e9f0a5b7138e.json,,,
de37f0a1b6c8249f,Snake Meat,foraging,consumable,food,common,food,1,3,sp,1,A length of snake cleaned and cooked over coals; tastes surprisingly like chicken.,icons/consumables/meat/hock-leg-pink-brown.webp,Dense Forest / Jungle - Tier 2 Foraging Table; Dense Forest / Jungle - Tier 3 Foraging Table,Snake_Meat_de37f0a1b6c8249f.json,,,
ef48a1b2c7d935a0,Monitor Lizard,foraging,consumable,food,common,food,2,5,sp,2,A large jungle lizard; tough hide but generous portions of lean white meat underneath.,icons/consumables/meat/shank-bone-red.webp,Dense Forest / Jungle - Tier 3 Foraging Table,Monitor_Lizard_ef48a1b2c7d935a0.json,,,
f059b2c3d8ea46b1,Desert Lizard,foraging,consumable,food,common,food,0.5,2,sp,1,A small sun-baked lizard caught among the rocks; not much meat but easy to prepare.,icons/consumables/meat/drumstick-bone-pink.webp,Desert / Wasteland - Tier 1 Foraging Table; Desert / Wasteland - Tier 2 Foraging Table,Desert_Lizard_f059b2c3d8ea46b1.json,,,
a16ac3d4e9fb57c2,Rattlesnake Meat,foraging,consumable,food,common,food,1,4,sp,1,A desert rattlesnake gutted and stripped; firm chewy meat best grilled over hot stones.,icons/consumables/meat/hock-leg-pink-brown.webp,Desert / Wasteland - Tier 2 Foraging Table; Desert / Wasteland - Tier 3 Foraging Table,Rattlesnake_Meat_a16ac3d4e9fb57c2.json,,,
b27bd4e5f0ac68d3,Jerboa,foraging,consumable,food,common,food,0.5,1,sp,1,A tiny hopping rodent caught in the dunes; barely a snack but easy to trap.,icons/consumables/meat/drumstick-bone-pink.webp,Desert / Wasteland - Tier 1 Foraging Table,Jerboa_b27bd4e5f0ac68d3.json,,,
c38ce5f6a1bd79e4,Pheasant,foraging,consumable,food,common,food,1.5,4,sp,2,A handsome woodland bird flushed from the undergrowth; rich dark meat.,icons/consumables/meat/drumstick-bone-pink.webp,Light Forest - Tier 2 Foraging Table; Light Forest - Tier 3 Foraging Table,Pheasant_c38ce5f6a1bd79e4.json,,,
d49df6a7b2ce80f5,Squirrel,foraging,consumable,food,common,food,0.5,2,sp,1,A quick forest squirrel brought down by a sling stone; small but tender when roasted whole.,icons/consumables/meat/drumstick-bone-pink.webp,Light Forest - Tier 1 Foraging Table; Light Forest - Tier 2 Foraging Table,Squirrel_d49df6a7b2ce80f5.json,,,
e50ea7b8c3df91a6,River Trout,foraging,consumable,food,common,food,1,3,sp,1,A speckled trout pulled from a forest stream; flaky flesh with a clean taste.,icons/consumables/meat/fillet-fish-pink-teal.webp,Light Forest - Tier 2 Foraging Table; Light Forest - Tier 3 Foraging Table,River_Trout_e50ea7b8c3df91a6.json,,,
f61fb8c9d4e0a2b7,Marmot,foraging,consumable,food,common,food,1,3,sp,2,A fat alpine rodent dug from its burrow; greasy but filling mountain fare.,icons/consumables/meat/hock-leg-pink-brown.webp,Mountain - Tier 2 Foraging Table; Mountain - Tier 3 Foraging Table,Marmot_f61fb8c9d4e0a2b7.json,,,
a72ac9d0e5f1b3c8,Mountain Trout,foraging,consumable,food,common,food,1,4,sp,1,A cold-stream trout with firm pink flesh; prized by mountain travelers.,icons/consumables/meat/fillet-fish-pink-teal.webp,Mountain - Tier 2 Foraging Table; Mountain - Tier 3 Foraging Table,Mountain_Trout_a72ac9d0e5f1b3c8.json,,,
b83bd0e1f6a2c4d9,Hawk,foraging,consumable,food,common,food,1,3,sp,1,A small raptor taken on a high ridge; stringy but serviceable meat.,icons/consumables/meat/drumstick-bone-pink.webp,Mountain - Tier 3 Foraging Table,Hawk_b83bd0e1f6a2c4d9.json,,,
c94ce1f2a7b3d5ea,Prairie Hen,foraging,consumable,food,common,food,1,3,sp,2,A plump ground-nesting bird flushed from tall grass; tender and easy to pluck.,icons/consumables/meat/drumstick-bone-pink.webp,Plains / Grassland - Tier 2 Foraging Table; Plains / Grassland - Tier 3 Foraging Table,Prairie_Hen_c94ce1f2a7b3d5ea.json,,,
d05df2a3b8c4e6fb,Quail,foraging,consumable,food,common,food,0.5,2,sp,1,A tiny grassland bird caught in a snare; delicate meat best roasted on a stick.,icons/consumables/meat/drumstick-bone-pink.webp,Plains / Grassland - Tier 1 Foraging Table; Plains / Grassland - Tier 2 Foraging Table,Quail_d05df2a3b8c4e6fb.json,,,
e16ea3b4c9d5f7ac,Field Mouse,foraging,consumable,food,common,food,0.5,1,sp,1,A common field mouse caught by hand; barely a morsel but protein is protein.,icons/consumables/meat/drumstick-bone-pink.webp,Plains / Grassland - Tier 1 Foraging Table,Field_Mouse_e16ea3b4c9d5f7ac.json,,,
f27fb4c5d0e6a8bd,Frog Legs,foraging,consumable,food,common,food,0.5,2,sp,1,Meaty hind legs cut from a swamp bullfrog; surprisingly delicate when fried.,icons/consumables/meat/hock-leg-pink-brown.webp,Swamp / Marsh - Tier 1 Foraging Table; Swamp / Marsh - Tier 2 Foraging Table,Frog_Legs_f27fb4c5d0e6a8bd.json,,,
a38ac5d6e1f7b9ce,Crawfish,foraging,consumable,food,common,food,0.5,2,sp,1,A handful of mudbugs pulled from shallow water; sweet tail meat inside a crunchy shell.,icons/consumables/meat/claw-crab-lobster-red.webp,Swamp / Marsh - Tier 1 Foraging Table; Swamp / Marsh - Tier 2 Foraging Table,Crawfish_a38ac5d6e1f7b9ce.json,,,
b49bd6e7f2a8c0df,Snapping Turtle,foraging,consumable,food,common,food,2,5,sp,2,A cantankerous marsh turtle wrestled from the muck; tough shell hides rich stew meat.,icons/consumables/meat/shank-bone-red.webp,Swamp / Marsh - Tier 3 Foraging Table,Snapping_Turtle_b49bd6e7f2a8c0df.json,,,
c50ce7f8a3b9d1e0,Marsh Bird,foraging,consumable,food,common,food,1,3,sp,1,A long-legged wading bird speared in the shallows; lean and slightly fishy.,icons/consumables/meat/drumstick-bone-pink.webp,Swamp / Marsh - Tier 2 Foraging Table; Swamp / Marsh - Tier 3 Foraging Table,Marsh_Bird_c50ce7f8a3b9d1e0.json,,,
d61df8a9b4c0e2f1,Cave Bat,foraging,consumable,food,common,food,0.5,1,sp,1,A leathery-winged bat knocked from a cave ceiling; stringy and unappetizing but edible.,icons/consumables/meat/drumstick-bone-pink.webp,Underground / Cave - Tier 1 Foraging Table; Underground / Cave - Tier 2 Foraging Table,Cave_Bat_d61df8a9b4c0e2f1.json,,,
e72ea9b0c5d1f3a2,Giant Grub,foraging,consumable,food,common,food,0.5,1,sp,1,A fat pale larva dug from rotting wood; pops when bitten and tastes vaguely nutty.,icons/consumables/meat/drumstick-bone-pink.webp,Underground / Cave - Tier 1 Foraging Table; Underground / Cave - Tier 2 Foraging Table,Giant_Grub_e72ea9b0c5d1f3a2.json,,,
f83fb0c1d6e2a4b3,Cave Cricket,foraging,consumable,food,common,food,0.5,1,sp,1,A large cave cricket roasted over a torch; crunchy outside with a mild earthy taste.,icons/consumables/meat/drumstick-bone-pink.webp,Underground / Cave - Tier 1 Foraging Table,Cave_Cricket_f83fb0c1d6e2a4b3.json,,,
a94ac1d2e7f3b5c4,Pigeon,foraging,consumable,food,common,food,0.5,1,sp,1,A city pigeon caught on a rooftop; greasy but filling and easy to pluck.,icons/consumables/meat/drumstick-bone-pink.webp,Urban / Ruins - Tier 1 Foraging Table; Urban / Ruins - Tier 2 Foraging Table,Pigeon_a94ac1d2e7f3b5c4.json,,,
b05bd2e3f8a4c6d5,Rat Meat,foraging,consumable,food,common,food,0.5,1,cp,1,A fat sewer rat skinned and skewered; nobody's first choice but beggars can't be choosers.,icons/consumables/meat/drumstick-bone-pink.webp,Urban / Ruins - Tier 1 Foraging Table; Urban / Ruins - Tier 2 Foraging Table; Urban / Ruins - Tier 3 Foraging Table,Rat_Meat_b05bd2e3f8a4c6d5.json,,,
c16ce3f4a9b5d7e6,Feral Chicken,foraging,consumable,food,common,food,1,3,sp,2,A scrawny chicken gone wild in the ruins; tough but familiar fare.,icons/consumables/meat/drumstick-bone-pink.webp,Urban / Ruins - Tier 2 Foraging Table; Urban / Ruins - Tier 3 Foraging Table,Feral_Chicken_c16ce3f4a9b5d7e6.json,,,
a1b0c2d3e4f56789,Charcoal,foraging,loot,,common,component,0.5,2,sp,,Blackened wood remnants from a dead fire; crumbles easily and stains everything it touches.,icons/commodities/materials/powder-black.webp,Arctic / Tundra - Tier 1 Foraging Table; Coastal - Tier 1 Foraging Table; Dense Forest / Jungle - Tier 1 Foraging Table; Desert / Wasteland - Tier 1 Foraging Table; Light Forest - Tier 1 Foraging Table; Mountain - Tier 1 Foraging Table; Plains / Grassland - Tier 1 Foraging Table; Swamp / Marsh - Tier 1 Foraging Table; Underground / Cave - Tier 1 Foraging Table; Urban / Ruins - Tier 1 Foraging Table,Charcoal_a1b0c2d3e4f56789.json,Filtration agent — water purification and ink-making,2,4 sp
b2c1d3e4f5a67890,Animal Fat,foraging,loot,,common,component,0.5,3,sp,,A greasy lump of rendered fat scraped from a carcass; unpleasant but endlessly useful.,icons/consumables/meat/hock-fatty-skin-brown-red.webp,Arctic / Tundra - Tier 2 Foraging Table; Coastal - Tier 2 Foraging Table; Dense Forest / Jungle - Tier 2 Foraging Table; Desert / Wasteland - Tier 2 Foraging Table; Light Forest - Tier 2 Foraging Table; Mountain - Tier 2 Foraging Table; Plains / Grassland - Tier 2 Foraging Table; Swamp / Marsh - Tier 2 Foraging Table; Underground / Cave - Tier 2 Foraging Table; Urban / Ruins - Tier 2 Foraging Table,Animal_Fat_b2c1d3e4f5a67890.json,"Binding agent — candles, soap, and waterproofing compounds",2,6 sp
c3d2e4f5a6b78901,Sulfur Deposit,foraging,loot,,common,component,1,5,sp,,A crumbly yellow mineral with a sharp rotten-egg smell; found near hot springs and volcanic seeps.,icons/commodities/stone/ore-chunk-yellow-gold.webp,Arctic / Tundra - Tier 3 Foraging Table; Coastal - Tier 3 Foraging Table; Dense Forest / Jungle - Tier 3 Foraging Table; Desert / Wasteland - Tier 3 Foraging Table; Light Forest - Tier 3 Foraging Table; Mountain - Tier 3 Foraging Table; Plains / Grassland - Tier 3 Foraging Table; Swamp / Marsh - Tier 3 Foraging Table; Underground / Cave - Tier 3 Foraging Table; Urban / Ruins - Tier 3 Foraging Table,Sulfur_Deposit_c3d2e4f5a6b78901.json,Volatile reagent — fire-starting compounds and fumigants,2,1 gp
d4e3f5a6b7c89012,Clay Powder,foraging,loot,,common,component,1,1,sp,,Fine powdery clay dug from a riverbank or exposed earth; smooths easily when wet.,icons/commodities/stone/clay-orange.webp,Arctic / Tundra - Tier 1 Foraging Table; Coastal - Tier 1 Foraging Table; Dense Forest / Jungle - Tier 1 Foraging Table; Desert / Wasteland - Tier 1 Foraging Table; Light Forest - Tier 1 Foraging Table; Mountain - Tier 1 Foraging Table; Plains / Grassland - Tier 1 Foraging Table; Swamp / Marsh - Tier 1 Foraging Table; Underground / Cave - Tier 1 Foraging Table; Urban / Ruins - Tier 1 Foraging Table,Clay_Powder_d4e3f5a6b7c89012.json,"Ceramic base — poultices, seals, and crude pottery",2,2 sp
e5f4a6b7c8d90123,Iron Oxide,foraging,loot,,common,component,0.5,3,sp,,Reddish-brown powder scraped from rusted metal or iron-rich stone; stains skin on contact.,icons/commodities/stone/ore-chunk-red-brown.webp,Arctic / Tundra - Tier 2 Foraging Table; Coastal - Tier 2 Foraging Table; Dense Forest / Jungle - Tier 2 Foraging Table; Desert / Wasteland - Tier 2 Foraging Table; Light Forest - Tier 2 Foraging Table; Mountain - Tier 2 Foraging Table; Plains / Grassland - Tier 2 Foraging Table; Swamp / Marsh - Tier 2 Foraging Table; Underground / Cave - Tier 2 Foraging Table; Urban / Ruins - Tier 2 Foraging Table,Iron_Oxide_e5f4a6b7c8d90123.json,Pigment and abrasive — dyes and polishing compounds,2,6 sp
f6a5b7c8d9e01234,Tallow,foraging,loot,,common,component,0.5,2,sp,,Thick waxy fat rendered from animal remains; smells foul but burns slow and steady.,icons/commodities/materials/bowl-liquid-white.webp,Arctic / Tundra - Tier 1 Foraging Table; Coastal - Tier 1 Foraging Table; Dense Forest / Jungle - Tier 1 Foraging Table; Desert / Wasteland - Tier 1 Foraging Table; Light Forest - Tier 1 Foraging Table; Mountain - Tier 1 Foraging Table; Plains / Grassland - Tier 1 Foraging Table; Swamp / Marsh - Tier 1 Foraging Table; Underground / Cave - Tier 1 Foraging Table; Urban / Ruins - Tier 1 Foraging Table,Tallow_f6a5b7c8d9e01234.json,Lubricant and fuel — lamp oil and salve bases,2,4 sp
a7b6c8d9e0f12345,Bird Egg,foraging,loot,,common,component,0.5,1,sp,,A small speckled egg taken from a ground nest; fragile and best carried with care.,icons/consumables/eggs/egg-speckled-tan.webp,Arctic / Tundra - Tier 1 Foraging Table; Coastal - Tier 1 Foraging Table; Dense Forest / Jungle - Tier 1 Foraging Table; Desert / Wasteland - Tier 1 Foraging Table; Light Forest - Tier 1 Foraging Table; Mountain - Tier 1 Foraging Table; Plains / Grassland - Tier 1 Foraging Table; Swamp / Marsh - Tier 1 Foraging Table; Underground / Cave - Tier 1 Foraging Table; Urban / Ruins - Tier 1 Foraging Table,Bird_Egg_a7b6c8d9e0f12345.json,Binding medium — adhesives and poultice emulsifiers,2,2 sp
b8c7d9e0f1a23456,White Chalk,foraging,loot,,common,component,0.5,4,sp,,A soft pale stone that leaves bright marks on any surface; crumbles when pressed too hard.,icons/commodities/gems/powder-raw-white.webp,Arctic / Tundra - Tier 3 Foraging Table; Coastal - Tier 3 Foraging Table; Dense Forest / Jungle - Tier 3 Foraging Table; Desert / Wasteland - Tier 3 Foraging Table; Light Forest - Tier 3 Foraging Table; Mountain - Tier 3 Foraging Table; Plains / Grassland - Tier 3 Foraging Table; Swamp / Marsh - Tier 3 Foraging Table; Underground / Cave - Tier 3 Foraging Table; Urban / Ruins - Tier 3 Foraging Table,White_Chalk_b8c7d9e0f1a23456.json,Ite compound — arcane markings and ritual preparation,2,8 sp
aa01b2c3d4e5f678,Blank Parchment,foraging,loot,,common,component,0.5,5,sp,,A sheet of smooth animal skin scraped thin and dried flat; takes ink without bleeding.,icons/sundries/documents/parchment-plain-tan.webp,Arctic / Tundra - Tier 2 Foraging Table; Coastal - Tier 2 Foraging Table; Dense Forest / Jungle - Tier 2 Foraging Table; Desert / Wasteland - Tier 2 Foraging Table; Light Forest - Tier 2 Foraging Table; Mountain - Tier 2 Foraging Table; Plains / Grassland - Tier 2 Foraging Table; Swamp / Marsh - Tier 2 Foraging Table; Underground / Cave - Tier 2 Foraging Table; Urban / Ruins - Tier 2 Foraging Table,Blank_Parchment_aa01b2c3d4e5f678.json,"Inscription medium -- scrolls, spell transcription, and written wards",4,2 gp
bb02c3d4e5f6a789,Arcane Ink,foraging,loot,,uncommon,component,0.5,25,sp,,A small vial of shimmering black ink that seems to move on its own when the cap is removed.,icons/consumables/potions/vial-cork-blue.webp,Arctic / Tundra - Tier 3 Foraging Table; Coastal - Tier 3 Foraging Table; Dense Forest / Jungle - Tier 3 Foraging Table; Desert / Wasteland - Tier 3 Foraging Table; Light Forest - Tier 3 Foraging Table; Mountain - Tier 3 Foraging Table; Plains / Grassland - Tier 3 Foraging Table; Swamp / Marsh - Tier 3 Foraging Table; Underground / Cave - Tier 3 Foraging Table; Urban / Ruins - Tier 3 Foraging Table,Arcane_Ink_bb02c3d4e5f6a789.json,Magical inscription -- inks that bind power to written word,6,15 gp
cc03d4e5f6a7b890,Mystic Vellum,foraging,loot,,rare,component,0.5,25,sp,,Supple vellum prepared from a creature of magical origin; the surface faintly hums when touched.,icons/sundries/scrolls/scroll-runed-brown-purple.webp,Arctic / Tundra - Rare Foraging Table; Coastal - Rare Foraging Table; Dense Forest / Jungle - Rare Foraging Table; Desert / Wasteland - Rare Foraging Table; Light Forest - Rare Foraging Table; Mountain - Rare Foraging Table; Plains / Grassland - Rare Foraging Table; Swamp / Marsh - Rare Foraging Table; Underground / Cave - Rare Foraging Table; Urban / Ruins - Rare Foraging Table,Mystic_Vellum_cc03d4e5f6a7b890.json,Superior inscription medium -- high-level scrolls and permanent magical writings,10,25 gp
dd04e5f6a7b8c901,Distilled Essence,foraging,loot,,common,component,0.5,5,sp,,A small flask of clear liquid reduced from boiled herbs; faintly aromatic and slightly viscous.,icons/consumables/potions/vial-cork-empty.webp,Arctic / Tundra - Tier 2 Foraging Table; Coastal - Tier 2 Foraging Table; Dense Forest / Jungle - Tier 2 Foraging Table; Desert / Wasteland - Tier 2 Foraging Table; Light Forest - Tier 2 Foraging Table; Mountain - Tier 2 Foraging Table; Plains / Grassland - Tier 2 Foraging Table; Swamp / Marsh - Tier 2 Foraging Table; Underground / Cave - Tier 2 Foraging Table; Urban / Ruins - Tier 2 Foraging Table,Distilled_Essence_dd04e5f6a7b8c901.json,Potion base -- the foundational solvent for brewing simple draughts,4,2 gp
ee05f6a7b8c9d012,Alchemical Catalyst,foraging,loot,,uncommon,component,0.5,3,gp,,A murky reagent that bubbles faintly in its sealed vial; accelerates alchemical reactions on contact.,icons/consumables/potions/vial-cork-green.webp,Arctic / Tundra - Tier 3 Foraging Table; Coastal - Tier 3 Foraging Table; Dense Forest / Jungle - Tier 3 Foraging Table; Desert / Wasteland - Tier 3 Foraging Table; Light Forest - Tier 3 Foraging Table; Mountain - Tier 3 Foraging Table; Plains / Grassland - Tier 3 Foraging Table; Swamp / Marsh - Tier 3 Foraging Table; Underground / Cave - Tier 3 Foraging Table; Urban / Ruins - Tier 3 Foraging Table,Alchemical_Catalyst_ee05f6a7b8c9d012.json,Reaction accelerant -- speeds and stabilizes potion brewing,6,18 gp
ff06a7b8c9d0e123,Philosophers Extract,foraging,loot,,rare,component,0.5,4,gp,,A luminous golden liquid said to be distilled from pure potential; even a drop transforms base ingredients.,icons/consumables/potions/potion-vial-corked-labeled-purple.webp,Arctic / Tundra - Rare Foraging Table; Coastal - Rare Foraging Table; Dense Forest / Jungle - Rare Foraging Table; Desert / Wasteland - Rare Foraging Table; Light Forest - Rare Foraging Table; Mountain - Rare Foraging Table; Plains / Grassland - Rare Foraging Table; Swamp / Marsh - Rare Foraging Table; Underground / Cave - Rare Foraging Table; Urban / Ruins - Rare Foraging Table,Philosophers_Extract_ff06a7b8c9d0e123.json,Master alchemical reagent -- required for the most potent brews and elixirs,10,40 gp
a107b8c9d0e1f234,Whetstone Grit,foraging,loot,,common,component,1,5,sp,,Coarse mineral grit scraped from a natural whetstone; sharpens and hardens edges.,icons/commodities/stone/rock-chunk-grey.webp,Arctic / Tundra - Tier 2 Foraging Table; Coastal - Tier 2 Foraging Table; Dense Forest / Jungle - Tier 2 Foraging Table; Desert / Wasteland - Tier 2 Foraging Table; Light Forest - Tier 2 Foraging Table; Mountain - Tier 2 Foraging Table; Plains / Grassland - Tier 2 Foraging Table; Swamp / Marsh - Tier 2 Foraging Table; Underground / Cave - Tier 2 Foraging Table; Urban / Ruins - Tier 2 Foraging Table,Whetstone_Grit_a107b8c9d0e1f234.json,Honing compound -- sharpening blades and hardening cutting edges,4,2 gp
b208c9d0e1f2a345,Tempered Filings,foraging,loot,,uncommon,component,0.5,25,sp,,Fine metal shavings from a master-forged blade; retain unusual hardness even as dust.,icons/commodities/metal/ingot-hammered-silver.webp,Arctic / Tundra - Tier 3 Foraging Table; Coastal - Tier 3 Foraging Table; Dense Forest / Jungle - Tier 3 Foraging Table; Desert / Wasteland - Tier 3 Foraging Table; Light Forest - Tier 3 Foraging Table; Mountain - Tier 3 Foraging Table; Plains / Grassland - Tier 3 Foraging Table; Swamp / Marsh - Tier 3 Foraging Table; Underground / Cave - Tier 3 Foraging Table; Urban / Ruins - Tier 3 Foraging Table,Tempered_Filings_b208c9d0e1f2a345.json,Forging additive -- strengthening alloys and refining weapon steel,6,15 gp
c309d0e1f2a3b456,Meteoric Iron,foraging,loot,,rare,component,1,5,gp,,A dense black chunk of star-fallen metal; unnaturally heavy and faintly warm to the touch.,icons/commodities/metal/ingot-iron.webp,Arctic / Tundra - Rare Foraging Table; Coastal - Rare Foraging Table; Dense Forest / Jungle - Rare Foraging Table; Desert / Wasteland - Rare Foraging Table; Light Forest - Rare Foraging Table; Mountain - Rare Foraging Table; Plains / Grassland - Rare Foraging Table; Swamp / Marsh - Rare Foraging Table; Underground / Cave - Rare Foraging Table; Urban / Ruins - Rare Foraging Table,Meteoric_Iron_c309d0e1f2a3b456.json,Celestial metal -- weapons forged with it strike with unnatural force,10,50 gp
d40ae1f2a3b4c567,Hardened Resin,foraging,loot,,common,component,1,5,sp,,Amber-colored resin that dries rock-hard; used to reinforce joins and seal cracks.,icons/commodities/materials/liquid-orange.webp,Arctic / Tundra - Tier 2 Foraging Table; Coastal - Tier 2 Foraging Table; Dense Forest / Jungle - Tier 2 Foraging Table; Desert / Wasteland - Tier 2 Foraging Table; Light Forest - Tier 2 Foraging Table; Mountain - Tier 2 Foraging Table; Plains / Grassland - Tier 2 Foraging Table; Swamp / Marsh - Tier 2 Foraging Table; Underground / Cave - Tier 2 Foraging Table; Urban / Ruins - Tier 2 Foraging Table,Hardened_Resin_d40ae1f2a3b4c567.json,Structural sealant -- bonding and reinforcing shield layers,4,2 gp
e50bf2a3b4c5d678,Ironbark Sap,foraging,loot,,uncommon,component,0.5,3,gp,,Thick dark sap from an ancient hardwood; dries harder than most metals and resists splitting.,icons/commodities/materials/liquid-green.webp,Arctic / Tundra - Tier 3 Foraging Table; Coastal - Tier 3 Foraging Table; Dense Forest / Jungle - Tier 3 Foraging Table; Desert / Wasteland - Tier 3 Foraging Table; Light Forest - Tier 3 Foraging Table; Mountain - Tier 3 Foraging Table; Plains / Grassland - Tier 3 Foraging Table; Swamp / Marsh - Tier 3 Foraging Table; Underground / Cave - Tier 3 Foraging Table; Urban / Ruins - Tier 3 Foraging Table,Ironbark_Sap_e50bf2a3b4c5d678.json,Superior hardening agent -- shields and barriers of exceptional resilience,6,18 gp
f60ca3b4c5d6e789,Adamantine Dust,foraging,loot,,rare,component,0.5,4,gp,,A pinch of glittering dark powder ground from adamantine fragments; nearly indestructible once set.,icons/commodities/materials/bowl-powder-grey.webp,Arctic / Tundra - Rare Foraging Table; Coastal - Rare Foraging Table; Dense Forest / Jungle - Rare Foraging Table; Desert / Wasteland - Rare Foraging Table; Light Forest - Rare Foraging Table; Mountain - Rare Foraging Table; Plains / Grassland - Rare Foraging Table; Swamp / Marsh - Rare Foraging Table; Underground / Cave - Rare Foraging Table; Urban / Ruins - Rare Foraging Table,Adamantine_Dust_f60ca3b4c5d6e789.json,Legendary reinforcement -- shields that turn aside even the most devastating blows,10,40 gp
a70db4c5d6e7f890,Cured Leather Strip,foraging,loot,,common,component,1,5,sp,,A long strip of leather treated with salt and tannin; supple yet tough.,icons/commodities/leather/leather-bolt-brown.webp,Arctic / Tundra - Tier 2 Foraging Table; Coastal - Tier 2 Foraging Table; Dense Forest / Jungle - Tier 2 Foraging Table; Desert / Wasteland - Tier 2 Foraging Table; Light Forest - Tier 2 Foraging Table; Mountain - Tier 2 Foraging Table; Plains / Grassland - Tier 2 Foraging Table; Swamp / Marsh - Tier 2 Foraging Table; Underground / Cave - Tier 2 Foraging Table; Urban / Ruins - Tier 2 Foraging Table,Cured_Leather_Strip_a70db4c5d6e7f890.json,Armor base -- the foundational material for leather and hide armor,4,2 gp
b80ec5d6e7f8a901,Reinforced Hide,foraging,loot,,uncommon,component,1,25,sp,,A thick section of hide layered and pressed until it rivals boiled leather in hardness.,icons/commodities/leather/fur-pelt-brown.webp,Arctic / Tundra - Tier 3 Foraging Table; Coastal - Tier 3 Foraging Table; Dense Forest / Jungle - Tier 3 Foraging Table; Desert / Wasteland - Tier 3 Foraging Table; Light Forest - Tier 3 Foraging Table; Mountain - Tier 3 Foraging Table; Plains / Grassland - Tier 3 Foraging Table; Swamp / Marsh - Tier 3 Foraging Table; Underground / Cave - Tier 3 Foraging Table; Urban / Ruins - Tier 3 Foraging Table,Reinforced_Hide_b80ec5d6e7f8a901.json,Superior armor material -- medium and heavy armor construction,6,15 gp
c90fd6e7f8a9b012,Dragonscale Lacquer,foraging,loot,,rare,component,0.5,5,gp,,A shimmering finish derived from dissolved dragon scales; bonds to any surface and hardens like steel.,icons/commodities/materials/bowl-powder-teal.webp,Arctic / Tundra - Rare Foraging Table; Coastal - Rare Foraging Table; Dense Forest / Jungle - Rare Foraging Table; Desert / Wasteland - Rare Foraging Table; Light Forest - Rare Foraging Table; Mountain - Rare Foraging Table; Plains / Grassland - Rare Foraging Table; Swamp / Marsh - Rare Foraging Table; Underground / Cave - Rare Foraging Table; Urban / Ruins - Rare Foraging Table,Dragonscale_Lacquer_c90fd6e7f8a9b012.json,Legendary armor coating -- near-impervious finish for masterwork protection,10,50 gp
da0ae7f8a9b0c123,Enchanting Dust,foraging,loot,,common,component,0.5,5,sp,,A pouch of faintly glowing powder; tingles against bare skin and disperses with a shimmer.,icons/commodities/materials/bowl-powder-gold.webp,Arctic / Tundra - Tier 2 Foraging Table; Coastal - Tier 2 Foraging Table; Dense Forest / Jungle - Tier 2 Foraging Table; Desert / Wasteland - Tier 2 Foraging Table; Light Forest - Tier 2 Foraging Table; Mountain - Tier 2 Foraging Table; Plains / Grassland - Tier 2 Foraging Table; Swamp / Marsh - Tier 2 Foraging Table; Underground / Cave - Tier 2 Foraging Table; Urban / Ruins - Tier 2 Foraging Table,Enchanting_Dust_da0ae7f8a9b0c123.json,Arcane binding agent -- anchoring minor enchantments to physical objects,4,2 gp
eb0bf8a9b0c1d234,Resonance Crystal,foraging,loot,,uncommon,component,0.5,35,sp,,A translucent crystal that vibrates when near magical energy; cracks if overloaded.,icons/commodities/gems/gem-faceted-diamond-pink.webp,Arctic / Tundra - Tier 3 Foraging Table; Coastal - Tier 3 Foraging Table; Dense Forest / Jungle - Tier 3 Foraging Table; Desert / Wasteland - Tier 3 Foraging Table; Light Forest - Tier 3 Foraging Table; Mountain - Tier 3 Foraging Table; Plains / Grassland - Tier 3 Foraging Table; Swamp / Marsh - Tier 3 Foraging Table; Underground / Cave - Tier 3 Foraging Table; Urban / Ruins - Tier 3 Foraging Table,Resonance_Crystal_eb0bf8a9b0c1d234.json,Magical conduit -- channeling and stabilizing enchantments in crafted items,6,21 gp
fc0ca9b0c1d2e345,Essence of Wonder,foraging,loot,,rare,component,0.5,5,gp,,A sealed phial of swirling prismatic mist; shifts color with the viewers mood and defies easy description.,icons/consumables/potions/potion-vial-corked-purple.webp,Arctic / Tundra - Rare Foraging Table; Coastal - Rare Foraging Table; Dense Forest / Jungle - Rare Foraging Table; Desert / Wasteland - Rare Foraging Table; Light Forest - Rare Foraging Table; Mountain - Rare Foraging Table; Plains / Grassland - Rare Foraging Table; Swamp / Marsh - Rare Foraging Table; Underground / Cave - Rare Foraging Table; Urban / Ruins - Rare Foraging Table,Essence_of_Wonder_fc0ca9b0c1d2e345.json,Pure magical essence -- the key ingredient for legendary wondrous items,10,50 gp
